Search Results (19 Results),,,,,,,,,,,
,,,,,,,,,,,
Issuer,Currency,Coupon,Yield,Moody's Rating,Maturity Date,Bid,Ask,Close,Timestamp,6:00 AM,15th morning
"Canada, Government of...",CAD,2.00%,3.17%,Aaa,06/01/2028,96.24,96.31,96.48,,,
"Canada, Government of...",CAD,2.25%,3.16%,Aaa,06/01/2029,96.2,96.46,96.65,,,
"Canada, Government of...",CAD,0.50%,3.35%,Aaa,12/01/2030,84.89,85.12,85.42,,,
"Canada, Government of...",CAD,1.50%,3.39%,Aaa,06/01/2031,89.18,89.41,89.74,,,
"Canada, Government of...",CAD,1.50%,3.42%,Aaa,12/01/2031,88.24,88.51,88.85,,,
"Canada, Government of...",CAD,2.00%,3.43%,Aaa,06/01/2032,90.54,90.79,91.19,,,
"Canada, Government of...",CAD,2.25%,3.29%,Aaa,12/01/2029,95.24,95.66,95.77,,,
"Canada, Government of...",CAD,2.50%,3.43%,Aaa,12/01/2032,93.26,93.5,93.93,,,
"Canada, Government of...",CAD,3.50%,3.15%,Aaa,03/01/2028,100.99,101.2,101.26,,,
"Canada, Government of...",CAD,3.25%,3.19%,Aaa,09/01/2028,100.1,100.34,100.49,,,
"Canada, Government of...",CAD,3.25%,3.51%,Aaa,12/01/2033,97.77,98.1,98.55,,,
"Canada, Government of...",CAD,4.00%,3.21%,Aaa,03/01/2029,102.89,103.02,103.29,,,
"Canada, Government of...",CAD,3.00%,3.53%,Aaa,06/01/2034,95.71,95.84,96.3,,,
"Canada, Government of...",CAD,3.50%,3.51%,Aaa,03/01/2034,99.74,99.91,100.37,,,
"Canada, Government of...",CAD,3.50%,3.26%,Aaa,09/01/2029,100.84,101.12,101.28,,,
"Canada, Government of...",CAD,3.25%,3.54%,Aaa,12/01/2034,97.46,97.61,98.12,,,
"Canada, Government of...",CAD,2.75%,3.31%,Aaa,03/01/2030,-,-,97.61,,,
"Canada, Government of...",CAD,5.75%,3.18%,Aaa,06/01/2029,110.24,110.35,110.62,,,
"Canada, Government of...",CAD,5.75%,3.51%,Aaa,06/01/2033,115.78,116.23,116.58,,,
